{"0.3": {"gN": [0.010294511438152984, 0.019968702034376885, 0.03969344080517265, 0.07848778851110103, 0.15569352094150998, 0.2994154645092102], "geff": [0.01, 0.02, 0.04, 0.08, 0.16, 0.32], "slope": 1.0270955331238303, "boost": [0.9713914118292705, 1.0015673510260825, 1.0077231700907976, 1.0192668377792948, 1.027659976037846, 1.068749072545505]}, "0.6": {"gN": [0.008257264416317753, 0.014797777282006198, 0.02873975031687934, 0.0568246130305059, 0.11091385200361042, 0.20624336852171538], "geff": [0.01, 0.02, 0.04, 0.08, 0.16, 0.32], "slope": 1.1099977311587121, "boost": [1.2110548355746373, 1.351554332711819, 1.3918005396347277, 1.4078406474506489, 1.4425610247022325, 1.551565038399318]}}